{
  "$otSharedSchema": "#/pipette/schemas/2/pipetteLiquidPropertiesSchema.json",
  "supportedTips": {
    "t20": {
      "defaultAspirateFlowRate": {
        "default": 3.78,
        "valuesByApiLevel": { "2.0": 3.78, "2.6": 7.56 }
      },
      "defaultDispenseFlowRate": {
        "default": 3.78,
        "valuesByApiLevel": { "2.0": 3.78, "2.6": 7.56 }
      },
      "defaultBlowOutFlowRate": {
        "default": 3.78,
        "valuesByApiLevel": { "2.0": 3.78, "2.6": 7.56 }
      },
      "defaultTipLength": 31.15,
      "aspirate": {
        "opentrons/opentrons_96_tiprack_20ul/1": [
          [0.8425, 0.0933, 0.5892],
          [0.9934, 0.1264, 0.4953],
          [1.17, 0.1658, 0.4562],
          [1.299, -0.005354, 0.6565],
          [1.435, 0.02079, 0.6225],
          [1.603, 0.09178, 0.5206],
          [1.745, 0.02307, 0.6306],
          [1.916, 0.07824, 0.5345],
          [2.051, -0.004942, 0.6939],
          [2.417, 0.01873, 0.6454],
          [2.801, 0.0253, 0.6295],
          [3.163, 0.00714, 0.6804],
          [3.539, 0.01305, 0.6617],
          [3.949, 0.02487, 0.6198],
          [4.32, 0.005296, 0.6971],
          [4.692, 0.004936, 0.6987],
          [5.084, 0.01144, 0.6682],
          [5.791, -0.003501, 0.7441],
          [7.344, 0.00678, 0.6846],
          [8.857, 0.00243, 0.7165],
          [10.42, 0.003968, 0.7029],
          [11.94, 0.001477, 0.7289],
          [13.47, 0.001089, 0.7335],
          [15.01, 0.00147, 0.7284],
          [16.54, 0.0008888, 0.7371],
          [18.06, 0.0003974, 0.7452],
          [19.62, 0.001391, 0.7273],
          [21.14, 0.0003498, 0.7477]
        ],
        "opentrons/opentrons_96_filtertiprack_20ul/1": [
          [0.8425, 0.0933, 0.5892],
          [0.9934, 0.1264, 0.4953],
          [1.17, 0.1658, 0.4562],
          [1.299, -0.005354, 0.6565],
          [1.435, 0.02079, 0.6225],
          [1.603, 0.09178, 0.5206],
          [1.745, 0.02307, 0.6306],
          [1.916, 0.07824, 0.5345],
          [2.051, -0.004942, 0.6939],
          [2.417, 0.01873, 0.6454],
          [2.801, 0.0253, 0.6295],
          [3.163, 0.00714, 0.6804],
          [3.539, 0.01305, 0.6617],
          [3.949, 0.02487, 0.6198],
          [4.32, 0.005296, 0.6971],
          [4.692, 0.004936, 0.6987],
          [5.084, 0.01144, 0.6682],
          [5.791, -0.003501, 0.7441],
          [7.344, 0.00678, 0.6846],
          [8.857, 0.00243, 0.7165],
          [10.42, 0.003968, 0.7029],
          [11.94, 0.001477, 0.7289],
          [13.47, 0.001089, 0.7335],
          [15.01, 0.00147, 0.7284],
          [16.54, 0.0008888, 0.7371],
          [18.06, 0.0003974, 0.7452],
          [19.62, 0.001391, 0.7273],
          [21.14, 0.0003498, 0.7477]
        ],
        "default": {
          "1": [
            [0.8425, 0.0933, 0.5892],
            [0.9934, 0.1264, 0.4953],
            [1.17, 0.1658, 0.4562],
            [1.299, -0.005354, 0.6565],
            [1.435, 0.02079, 0.6225],
            [1.603, 0.09178, 0.5206],
            [1.745, 0.02307, 0.6306],
            [1.916, 0.07824, 0.5345],
            [2.051, -0.004942, 0.6939],
            [2.417, 0.01873, 0.6454],
            [2.801, 0.0253, 0.6295],
            [3.163, 0.00714, 0.6804],
            [3.539, 0.01305, 0.6617],
            [3.949, 0.02487, 0.6198],
            [4.32, 0.005296, 0.6971],
            [4.692, 0.004936, 0.6987],
            [5.084, 0.01144, 0.6682],
            [5.791, -0.003501, 0.7441],
            [7.344, 0.00678, 0.6846],
            [8.857, 0.00243, 0.7165],
            [10.42, 0.003968, 0.7029],
            [11.94, 0.001477, 0.7289],
            [13.47, 0.001089, 0.7335],
            [15.01, 0.00147, 0.7284],
            [16.54, 0.0008888, 0.7371],
            [18.06, 0.0003974, 0.7452],
            [19.62, 0.001391, 0.7273],
            [21.14, 0.0003498, 0.7477]
          ]
        }
      },
      "dispense": {
        "opentrons/opentrons_96_tiprack_20ul/1": [
          [0.8425, 0.0933, 0.5892],
          [0.9934, 0.1264, 0.4953],
          [1.17, 0.1658, 0.4562],
          [1.299, -0.005354, 0.6565],
          [1.435, 0.02079, 0.6225],
          [1.603, 0.09178, 0.5206],
          [1.745, 0.02307, 0.6306],
          [1.916, 0.07824, 0.5345],
          [2.051, -0.004942, 0.6939],
          [2.417, 0.01873, 0.6454],
          [2.801, 0.0253, 0.6295],
          [3.163, 0.00714, 0.6804],
          [3.539, 0.01305, 0.6617],
          [3.949, 0.02487, 0.6198],
          [4.32, 0.005296, 0.6971],
          [4.692, 0.004936, 0.6987],
          [5.084, 0.01144, 0.6682],
          [5.791, -0.003501, 0.7441],
          [7.344, 0.00678, 0.6846],
          [8.857, 0.00243, 0.7165],
          [10.42, 0.003968, 0.7029],
          [11.94, 0.001477, 0.7289],
          [13.47, 0.001089, 0.7335],
          [15.01, 0.00147, 0.7284],
          [16.54, 0.0008888, 0.7371],
          [18.06, 0.0003974, 0.7452],
          [19.62, 0.001391, 0.7273],
          [21.14, 0.0003498, 0.7477]
        ],
        "opentrons/opentrons_96_filtertiprack_20ul/1": [
          [0.8425, 0.0933, 0.5892],
          [0.9934, 0.1264, 0.4953],
          [1.17, 0.1658, 0.4562],
          [1.299, -0.005354, 0.6565],
          [1.435, 0.02079, 0.6225],
          [1.603, 0.09178, 0.5206],
          [1.745, 0.02307, 0.6306],
          [1.916, 0.07824, 0.5345],
          [2.051, -0.004942, 0.6939],
          [2.417, 0.01873, 0.6454],
          [2.801, 0.0253, 0.6295],
          [3.163, 0.00714, 0.6804],
          [3.539, 0.01305, 0.6617],
          [3.949, 0.02487, 0.6198],
          [4.32, 0.005296, 0.6971],
          [4.692, 0.004936, 0.6987],
          [5.084, 0.01144, 0.6682],
          [5.791, -0.003501, 0.7441],
          [7.344, 0.00678, 0.6846],
          [8.857, 0.00243, 0.7165],
          [10.42, 0.003968, 0.7029],
          [11.94, 0.001477, 0.7289],
          [13.47, 0.001089, 0.7335],
          [15.01, 0.00147, 0.7284],
          [16.54, 0.0008888, 0.7371],
          [18.06, 0.0003974, 0.7452],
          [19.62, 0.001391, 0.7273],
          [21.14, 0.0003498, 0.7477]
        ],
        "default": {
          "1": [
            [0.8425, 0.0933, 0.5892],
            [0.9934, 0.1264, 0.4953],
            [1.17, 0.1658, 0.4562],
            [1.299, -0.005354, 0.6565],
            [1.435, 0.02079, 0.6225],
            [1.603, 0.09178, 0.5206],
            [1.745, 0.02307, 0.6306],
            [1.916, 0.07824, 0.5345],
            [2.051, -0.004942, 0.6939],
            [2.417, 0.01873, 0.6454],
            [2.801, 0.0253, 0.6295],
            [3.163, 0.00714, 0.6804],
            [3.539, 0.01305, 0.6617],
            [3.949, 0.02487, 0.6198],
            [4.32, 0.005296, 0.6971],
            [4.692, 0.004936, 0.6987],
            [5.084, 0.01144, 0.6682],
            [5.791, -0.003501, 0.7441],
            [7.344, 0.00678, 0.6846],
            [8.857, 0.00243, 0.7165],
            [10.42, 0.003968, 0.7029],
            [11.94, 0.001477, 0.7289],
            [13.47, 0.001089, 0.7335],
            [15.01, 0.00147, 0.7284],
            [16.54, 0.0008888, 0.7371],
            [18.06, 0.0003974, 0.7452],
            [19.62, 0.001391, 0.7273],
            [21.14, 0.0003498, 0.7477]
          ]
        }
      },
      "defaultPushOutVolume": 0
    },
    "t10": {
      "defaultAspirateFlowRate": {
        "default": 3.78,
        "valuesByApiLevel": { "2.0": 3.78, "2.6": 7.56 }
      },
      "defaultDispenseFlowRate": {
        "default": 3.78,
        "valuesByApiLevel": { "2.0": 3.78, "2.6": 7.56 }
      },
      "defaultBlowOutFlowRate": {
        "default": 3.78,
        "valuesByApiLevel": { "2.0": 3.78, "2.6": 7.56 }
      },
      "defaultTipLength": 31.15,