{
  "$otSharedSchema": "#/pipette/schemas/2/pipetteLiquidPropertiesSchema.json",
  "supportedTips": {
    "t10": {
      "defaultAspirateFlowRate": {
        "default": 5,
        "valuesByApiLevel": { "2.0": 5 }
      },
      "defaultDispenseFlowRate": {
        "default": 10,
        "valuesByApiLevel": { "2.0": 10 }
      },
      "defaultBlowOutFlowRate": {
        "default": 1000,
        "valuesByApiLevel": { "2.0": 1000 }
      },
      "defaultTipLength": 33.0,
      "aspirate": {
        "default": {
          "1": [
            [1.893415617, -1.1069, 3.042593193],
            [2.497849452, -0.1888, 1.30410391],
            [5.649462387, -0.0081, 0.8528667891],
            [12.74444519, -0.0018, 0.8170558891]
          ],
          "2": [
            [1.438649211, 0.01931415115, 0.691538317],
            [1.836824579, 0.03868955123, 0.6636639129],
            [2.960052684, 0.00470371018, 0.7260899411],
            [4.487508789, 0.005175245625, 0.7246941713],
            [10.59661421, 0.001470408978, 0.7413196584]
          ]
        }
      },
      "dispense": {
        "default": {
          "1": [[12.74444519, 0.0, 0.8058688085]],
          "2": [[12.74444519, 0, 0.8058688085]]
        }
      },
      "defaultPushOutVolume": 0
    }
  },
  "maxVolume": 10,
  "minVolume": 1.0,
  "defaultTipracks": [
    "opentrons/opentrons_96_tiprack_10ul/1",
    "opentrons/opentrons_96_filtertiprack_10ul/1",
    "opentrons/geb_96_tiprack_10ul/1"
  ]
}
