{
  "$otSharedSchema": "#/pipette/schemas/2/pipetteLiquidPropertiesSchema.json",
  "supportedTips": {
    "t50": {
      "defaultAspirateFlowRate": 8,
      "defaultDispenseFlowRate": 8,
      "defaultBlowOutFlowRate": 4,
      "defaultTipLength": 57.9,
      "defaultTipOverlap": 10.5,
      "defaultReturnTipHeight": 0.83,
      "aspirate": {
        "default": [
          [0.330000, 0.520493, 0.017421],
          [0.560000, 0.403280, 0.056101],
          [0.775000, 0.270274, 0.130584],
          [1.115000, 0.262433, 0.136661],
          [1.295000, 0.040253, 0.384392],
          [1.655000, 0.144833, 0.248961],
          [2.045000, 0.101733, 0.320291],
          [2.390000, 0.036569, 0.453552],
          [2.810000, 0.038962, 0.447833],
          [3.200000, -0.003285, 0.566547],
          [3.945000, 0.059638, 0.365193],
          [4.885000, 0.054173, 0.386751],
          [5.715000, 0.018746, 0.559811],
          [6.605000, 0.009569, 0.612261],
          [7.650000, 0.009219, 0.614573],
          [8.840000, 0.006563, 0.634891],
          [10.090000, -0.000152, 0.694253],
          [11.560000, 0.001684, 0.675721],
          [13.315000, 0.003526, 0.654429],
          [15.385000, 0.004140, 0.646254],
          [17.625000, 0.000946, 0.695389],
          [20.120000, 0.000025, 0.711632],
          [23.200000, 0.002253, 0.666809],
          [26.570000, 0.000596, 0.705240],
          [30.490000, 0.000945, 0.695982],
          [34.875000, 0.000314, 0.715198],
          [39.965000, 0.000514, 0.708228],
          [45.760000, 0.000346, 0.714957],
          [52.095000, -0.000352, 0.746905]
        ]
      },
      "dispense": {
        "default": [
          [0.330000, 0.520493, 0.017421],
          [0.560000, 0.403280, 0.056101],
          [0.775000, 0.270274, 0.130584],
          [1.115000, 0.262433, 0.136661],
          [1.295000, 0.040253, 0.384392],
          [1.655000, 0.144833, 0.248961],
          [2.045000, 0.101733, 0.320291],
          [2.390000, 0.036569, 0.453552],
          [2.810000, 0.038962, 0.447833],
          [3.200000, -0.003285, 0.566547],
          [3.945000, 0.059638, 0.365193],
          [4.885000, 0.054173, 0.386751],
          [5.715000, 0.018746, 0.559811],
          [6.605000, 0.009569, 0.612261],
          [7.650000, 0.009219, 0.614573],
          [8.840000, 0.006563, 0.634891],
          [10.090000, -0.000152, 0.694253],
          [11.560000, 0.001684, 0.675721],
          [13.315000, 0.003526, 0.654429],
          [15.385000, 0.004140, 0.646254],
          [17.625000, 0.000946, 0.695389],
          [20.120000, 0.000025, 0.711632],
          [23.200000, 0.002253, 0.666809],
          [26.570000, 0.000596, 0.705240],
          [30.490000, 0.000945, 0.695982],
          [34.875000, 0.000314, 0.715198],
          [39.965000, 0.000514, 0.708228],
          [45.760000, 0.000346, 0.714957],
          [52.095000, -0.000352, 0.746905]
        ]
      }
    }
  },
  "maxVolume": 50,
  "minVolume": 0.5,
  "defaultTipracks": ["opentrons/opentrons_ot3_96_tiprack_50ul/1"]
}
