{
  "p10_single_v1": {
    "name": "p10_single",
    "plungerPositions": {
      "top": 19.5,
      "bottom": 2,
      "blowOut": -1,
      "dropTip": -4.5
    },
    "pickUpCurrent": 0.1,
    "pickUpDistance": 10,
    "modelOffset": [0.0, 0.0, -13],
    "plungerCurrent": 0.3,
    "dropTipCurrent": 0.5,
    "ulPerMm": {
      "aspirate": [
        [1.438649211,	0.01931415115,	0.691538317],
        [1.836824579,	0.03868955123,	0.6636639129],
        [2.960052684,	0.00470371018,	0.7260899411],
        [4.487508789,	0.005175245625,	0.7246941713],
        [10.59661421,	0.001470408978,	0.7413196584]
      ],
      "dispense": [
        [12.5135, 0, 0.7945]
      ]
    },
    "quirks": [],
    "tipLength": 33
  },
  "p10_single_v1.3": {
    "name": "p10_single",
    "plungerPositions": {
      "top": 19.5,
      "bottom": 0.5,
      "blowOut": -2.5,
      "dropTip": -6
    },
    "pickUpCurrent": 0.1,
    "pickUpDistance": 10,
    "modelOffset": [0.0, 0.0, -13],
    "plungerCurrent": 0.3,
    "dropTipCurrent": 0.5,
    "ulPerMm": {
      "aspirate": [
        [1.438649211,	0.01931415115,	0.691538317],
        [1.836824579,	0.03868955123,	0.6636639129],
        [2.960052684,	0.00470371018,	0.7260899411],
        [4.487508789,	0.005175245625,	0.7246941713],
        [10.59661421,	0.001470408978,	0.7413196584]
      ],
      "dispense": [
        [12.5135, 0, 0.7945]
      ]
    },
    "quirks": [],
    "tipLength": 33
  },
  "p10_single_v1.4": {
    "name": "p10_single",
    "plungerPositions": {
      "top": 19.5,
      "bottom": 2.5,
      "blowOut": -0.5,
      "dropTip": -5.2
    },
    "pickUpCurrent": 0.1,
    "pickUpDistance": 10,
    "modelOffset": [0.0, 0.0, -13],
    "plungerCurrent": 0.3,
    "dropTipCurrent": 0.5,
    "ulPerMm": {
      "aspirate": [
        [1.438649211,	0.01931415115,	0.691538317],
        [1.836824579,	0.03868955123,	0.6636639129],
        [2.960052684,	0.00470371018,	0.7260899411],
        [4.487508789,	0.005175245625,	0.7246941713],
        [10.59661421,	0.001470408978,	0.7413196584]
      ],
      "dispense": [
        [12.5135, 0, 0.7945]
      ]
    },
    "quirks": [],
    "tipLength": 33
  },
  "p10_multi_v1": {
    "name": "p10_multi",
    "plungerPositions": {
      "top": 19.5,
      "bottom": 2,
      "blowOut": -1,
      "dropTip": -4
    },
    "pickUpCurrent": 0.4,
    "pickUpDistance": 10,
    "modelOffset": [0.0, 31.5, -25.8],
    "plungerCurrent": 0.5,
    "dropTipCurrent": 0.5,
    "ulPerMm": {
      "aspirate": [
        [1.438649211,	0.01931415115,	0.691538317],
        [1.836824579,	0.03868955123,	0.6636639129],
        [2.960052684,	0.00470371018,	0.7260899411],
        [4.487508789,	0.005175245625,	0.7246941713],
        [10.59661421,	0.001470408978,	0.7413196584]
      ],
      "dispense": [
        [12.74444519, 0, 0.8058688085]
      ]
    },
    "quirks": [],
    "tipLength": 33
  },
  "p10_multi_v1.3": {
    "name": "p10_multi",
    "plungerPositions": {
      "top": 19.5,
      "bottom": 0.5,
      "blowOut": -2.5,
      "dropTip": -5.5
    },
    "pickUpCurrent": 0.4,
    "pickUpDistance": 10,
    "modelOffset": [0.0, 31.5, -25.8],
    "plungerCurrent": 0.5,
    "dropTipCurrent": 0.5,
    "ulPerMm": {
      "aspirate": [
        [1.438649211,	0.01931415115,	0.691538317],
        [1.836824579,	0.03868955123,	0.6636639129],
        [2.960052684,	0.00470371018,	0.7260899411],
        [4.487508789,	0.005175245625,	0.7246941713],
        [10.59661421,	0.001470408978,	0.7413196584]
      ],
      "dispense": [
        [12.74444519, 0, 0.8058688085]
      ]
    },
    "quirks": [],
    "tipLength": 33
  },
  "p10_multi_v1.4": {
    "name": "p10_multi",
    "plungerPositions": {
      "top": 19.5,
      "bottom": 2,
      "blowOut": -1,
      "dropTip": -4.5
    },
    "pickUpCurrent": 0.4,
    "pickUpDistance": 10,
    "modelOffset": [0.0, 31.5, -25.8],
    "plungerCurrent": 0.5,
    "dropTipCurrent": 0.5,
    "ulPerMm": {
      "aspirate": [
        [1.438649211,	0.01931415115,	0.691538317],
        [1.836824579,	0.03868955123,	0.6636639129],
        [2.960052684,	0.00470371018,	0.7260899411],
        [4.487508789,	0.005175245625,	0.7246941713],
        [10.59661421,	0.001470408978,	0.7413196584]
      ],
      "dispense": [
        [12.74444519, 0, 0.8058688085]
      ]
    },
    "quirks": [],
    "tipLength": 33
  },
  "p50_single_v1": {
    "name": "p50_single",
    "plungerPositions": {
      "top": 19.5,
      "bottom": 2.01,
      "blowOut": 2,
      "dropTip": -4.5
    },
    "pickUpCurrent": 0.1,
    "pickUpDistance": 10,
    "modelOffset": [0.0, 0.0, 0.0],
    "plungerCurrent": 0.3,
    "dropTipCurrent": 0.5,
    "ulPerMm": {
      "aspirate": [
        [5.538952382,	0.04994568474,	2.492829422],
        [7.050333334,	0.0335171238,	2.583826438],
        [11.5397619,	0.01443549911,	2.718358253],
        [17.55071427,	0.006684226987,	2.807806088],
        [50,	        0.001789563193,	2.893710933]
      ],
      "dispense": [
        [50, 0, 2.931601299]
      ]
    },
    "quirks": [],
    "tipLength": 51.7
  },
  "p50_single_v1.3": {
    "name": "p50_single",
    "plungerPositions": {
      "top": 19.5,
      "bottom": 2,
      "blowOut": 0.5,
      "dropTip": -6
    },
    "pickUpCurrent": 0.1,
    "pickUpDistance": 10,
    "modelOffset": [0.0, 0.0, 0.0],
    "plungerCurrent": 0.3,
    "dropTipCurrent": 0.5,
    "ulPerMm": {
      "aspirate": [
        [5.538952382,	0.04994568474,	2.492829422],
        [7.050333334,	0.0335171238,	2.583826438],
        [11.5397619,	0.01443549911,	2.718358253],
        [17.55071427,	0.006684226987,	2.807806088],
        [50,	        0.001789563193,	2.893710933]
      ],
      "dispense": [
        [50, 0, 2.931601299]
      ]
    },
    "quirks": [],
    "tipLength": 51.7
  },
  "p50_single_v1.4": {
    "name": "p50_single",
    "plungerPositions": {
      "top": 19.5,
      "bottom": 2,
      "blowOut": 0.5,
      "dropTip": -5
    },
    "pickUpCurrent": 0.1,
    "pickUpDistance": 10,
    "modelOffset": [0.0, 0.0, 0.0],
    "plungerCurrent": 0.3,
    "dropTipCurrent": 0.5,
    "ulPerMm": {
      "aspirate": [
        [5.538952382,	0.04994568474,	2.492829422],
        [7.050333334,	0.0335171238,	2.583826438],
        [11.5397619,	0.01443549911,	2.718358253],
        [17.55071427,	0.006684226987,	2.807806088],
        [50,	        0.001789563193,	2.893710933]
      ],
      "dispense": [
        [50, 0, 2.931601299]
      ]
    },
    "quirks": [],
    "tipLength": 51.7
  },
  "p50_multi_v1": {
    "name": "p50_multi",
    "plungerPositions": {
      "top": 19.5,
      "bottom": 2.5,
      "blowOut": 2,
      "dropTip": -3.5
    },
    "pickUpCurrent": 0.6,
    "pickUpDistance": 10,
    "modelOffset": [0.0, 31.5, -25.8],
    "plungerCurrent": 0.5,
    "dropTipCurrent": 0.5,
    "ulPerMm": {
      "aspirate": [
        [5.5768667,	    0.076142366,	2.363797525],
        [7.0999333,	    0.0338396036,	2.599714392],
        [11.5943825,	0.0130432679,	2.747366988],
        [17.6461325,	0.007010609879,	2.817311933],
        [50,	        0.002620115513,	2.894787178]
      ],
      "dispense": [
        [50, 0, 3.06368702]
      ]
    },
    "quirks": [],
    "tipLength": 51.7
  },
  "p50_multi_v1.3": {
    "name": "p50_multi",
    "plungerPositions": {
      "top": 19.5,
      "bottom": 2,
      "blowOut": 0.5,
      "dropTip": -5
    },
    "pickUpCurrent": 0.6,
    "pickUpDistance": 10,
    "modelOffset": [0.0, 31.5, -25.8],
    "plungerCurrent": 0.5,
    "dropTipCurrent": 0.5,
    "ulPerMm": {
      "aspirate": [
        [5.5768667,	    0.076142366,	2.363797525],
        [7.0999333,	    0.0338396036,	2.599714392],
        [11.5943825,	0.0130432679,	2.747366988],
        [17.6461325,	0.007010609879,	2.817311933],
        [50,	        0.002620115513,	2.894787178]
      ],
      "dispense": [
        [50, 0, 3.06368702]
      ]
    },
    "quirks": [],
    "tipLength": 51.7
  },
  "p50_multi_v1.4": {
    "name": "p50_multi",
    "plungerPositions": {
      "top": 19.5,