{
  "$otSharedSchema": "#/pipette/schemas/2/pipetteLiquidPropertiesSchema.json",
  "supportedTips": {
    "t50": {
      "defaultAspirateFlowRate": {
        "default": 25,
        "valuesByApiLevel": { "2.0": 25 }
      },
      "defaultDispenseFlowRate": {
        "default": 50,
        "valuesByApiLevel": { "2.0": 50 }
      },
      "defaultBlowOutFlowRate": {
        "default": 1000,
        "valuesByApiLevel": { "2.0": 1000 }
      },
      "defaultTipLength": 51.7,
      "aspirate": {
        "default": {
          "1": [
            [11.79687499, -0.0098, 3.064988953],
            [50.0, -0.0004, 2.954068131]
          ],
          "2": [
            [5.538952382, 0.04994568474, 2.492829422],
            [7.050333334, 0.0335171238, 2.583826438],
            [11.5397619, 0.01443549911, 2.718358253],
            [17.55071427, 0.006684226987, 2.807806088],
            [50, 0.001789563193, 2.893710933]
          ]
        }
      },
      "dispense": {
        "default": {
          "1": [[50.0, 0.0, 2.931601299]],
          "2": [[50, 0, 2.931601299]]
        }
      },
      "defaultPushOutVolume": 0
    },
    "t200": {
      "defaultAspirateFlowRate": {
        "default": 25,
        "valuesByApiLevel": { "2.0": 25 }
      },
      "defaultDispenseFlowRate": {
        "default": 50,
        "valuesByApiLevel": { "2.0": 50 }
      },
      "defaultBlowOutFlowRate": {
        "default": 1000,
        "valuesByApiLevel": { "2.0": 1000 }
      },
      "defaultTipLength": 51.7,
      "aspirate": {
        "default": {
          "1": [
            [11.79687499, -0.0098, 3.064988953],
            [50.0, -0.0004, 2.954068131]
          ],
          "2": [
            [5.538952382, 0.04994568474, 2.492829422],
            [7.050333334, 0.0335171238, 2.583826438],
            [11.5397619, 0.01443549911, 2.718358253],
            [17.55071427, 0.006684226987, 2.807806088],
            [50, 0.001789563193, 2.893710933]
          ]
        }
      },
      "dispense": {
        "default": {
          "1": [[50.0, 0.0, 2.931601299]],
          "2": [[50, 0, 2.931601299]]
        }
      },
      "defaultPushOutVolume": 0
    },
    "t300": {
      "defaultAspirateFlowRate": {
        "default": 25,
        "valuesByApiLevel": { "2.0": 25 }
      },
      "defaultDispenseFlowRate": {
        "default": 50,
        "valuesByApiLevel": { "2.0": 50 }
      },
      "defaultBlowOutFlowRate": {
        "default": 1000,
        "valuesByApiLevel": { "2.0": 1000 }
      },
      "defaultTipLength": 51.7,
      "aspirate": {
        "default": {
          "1": [
            [11.79687499, -0.0098, 3.064988953],
            [50.0, -0.0004, 2.954068131]
          ],
          "2": [
            [5.538952382, 0.04994568474, 2.492829422],
            [7.050333334, 0.0335171238, 2.583826438],
            [11.5397619, 0.01443549911, 2.718358253],
            [17.55071427, 0.006684226987, 2.807806088],
            [50, 0.001789563193, 2.893710933]
          ]
        }
      },
      "dispense": {
        "default": {
          "1": [[50.0, 0.0, 2.931601299]],
          "2": [[50, 0, 2.931601299]]
        }
      },
      "defaultPushOutVolume": 0
    }
  },
  "maxVolume": 50,
  "minVolume": 5.0,
  "defaultTipracks": [
    "opentrons/opentrons_96_tiprack_300ul/1",
    "opentrons/opentrons_96_filtertiprack_200ul/1"
  ]
}
