{
  "$otSharedSchema": "#/pipette/schemas/2/pipetteLiquidPropertiesSchema.json",
  "supportedTips": {
    "t50": {
      "uiMaxFlowRate": 47,
      "defaultAspirateFlowRate": {
        "default": 35,
        "valuesByApiLevel": { "2.14": 35 }
      },
      "defaultDispenseFlowRate": {
        "default": 57,
        "valuesByApiLevel": { "2.14": 57 }
      },
      "defaultBlowOutFlowRate": {
        "default": 57,
        "valuesByApiLevel": { "2.14": 57 }
      },
      "defaultFlowAcceleration": 1200.0,
      "defaultTipLength": 57.9,
      "defaultReturnTipHeight": 0.71,
      "aspirate": {
        "default": {
          "1": [
            [0.410909, 0.493556, 0.066133],
            [0.596364, 0.393336, 0.107314],
            [0.977273, 0.287768, 0.170271],
            [1.332727, 0.173299, 0.282139],
            [1.943636, 0.099498, 0.380495],
            [2.704545, 0.050285, 0.476146],
            [3.024545, -0.038371, 0.715922],
            [3.313636, -0.005484, 0.616454],
            [3.926364, 0.072085, 0.359418],
            [4.257273, 0.016758, 0.576653],
            [4.992727, 0.024144, 0.545207],
            [5.83, 0.017456, 0.5786],
            [7.226364, 0.008433, 0.631202],
            [9.033636, 0.00882, 0.628403],
            [10.071818, 0.004396, 0.668375],
            [13.759091, 0.003288, 0.679527],
            [27.283636, 0.001159, 0.708828],
            [50.902727, 0.000289, 0.732565],
            [53.340909, -0.000532, 0.77433]
          ]
        }
      },
      "dispense": {
        "default": {
          "1": [
            [0.410909, 0.493556, 0.066133],
            [0.596364, 0.393336, 0.107314],
            [0.977273, 0.287768, 0.170271],
            [1.332727, 0.173299, 0.282139],
            [1.943636, 0.099498, 0.380495],
            [2.704545, 0.050285, 0.476146],
            [3.024545, -0.038371, 0.715922],
            [3.313636, -0.005484, 0.616454],
            [3.926364, 0.072085, 0.359418],
            [4.257273, 0.016758, 0.576653],
            [4.992727, 0.024144, 0.545207],
            [5.83, 0.017456, 0.5786],
            [7.226364, 0.008433, 0.631202],
            [9.033636, 0.00882, 0.628403],
            [10.071818, 0.004396, 0.668375],
            [13.759091, 0.003288, 0.679527],
            [27.283636, 0.001159, 0.708828],
            [50.902727, 0.000289, 0.732565],
            [53.340909, -0.000532, 0.77433]
          ]
        }
      },
      "defaultPushOutVolume": 2
    }
  },
  "defaultTipOverlapDictionary": {
    "default": 10.5,
    "opentrons/opentrons_flex_96_tiprack_50ul/1": 10.5,
    "opentrons/opentrons_flex_96_filtertiprack_50ul/1": 10.5
  },
  "maxVolume": 50,
  "minVolume": 5,
  "defaultTipracks": [
    "opentrons/opentrons_flex_96_tiprack_50ul/1",
    "opentrons/opentrons_flex_96_filtertiprack_50ul/1"
  ]
}
