{
  "$otSharedSchema": "#/pipette/schemas/2/pipetteLiquidPropertiesSchema.json",
  "supportedTips": {
    "t50": {
      "uiMaxFlowRate": 57,
      "defaultAspirateFlowRate": {
        "default": 35,
        "valuesByApiLevel": { "2.14": 35 }
      },
      "defaultDispenseFlowRate": {
        "default": 57,
        "valuesByApiLevel": { "2.14": 57 }
      },
      "defaultBlowOutFlowRate": {
        "default": 57,
        "valuesByApiLevel": { "2.14": 57 }
      },
      "defaultFlowAcceleration": 1200.0,
      "defaultTipLength": 57.9,
      "defaultReturnTipHeight": 0.71,
      "aspirate": {
        "default": {
          "1": [
            [0.5175, 0.200812, 0.234783],
            [0.675, 0.306434, 0.180124],
            [0.965, 0.202975, 0.249958],
            [1.3175, 0.174205, 0.277721],
            [1.9175, 0.098216, 0.377837],
            [2.71, 0.059576, 0.451928],
            [3.0675, -0.013969, 0.651237],
            [3.4125, 0.02245, 0.539521],
            [3.8375, 0.027713, 0.52156],
            [4.39, 0.072919, 0.348082],
            [5.14, 0.022924, 0.567563],
            [5.97, 0.013633, 0.615316],
            [7.415, 0.009346, 0.640908],
            [9.1925, 0.005809, 0.667137],
            [10.235, 0.003508, 0.688285],
            [13.885, 0.001976, 0.703972],
            [27.41, 0.000922, 0.718603],
            [51.005, 0.000207, 0.738189],
            [53.4675, -0.000417, 0.770047]
          ]
        }
      },
      "dispense": {
        "default": {
          "1": [
            [0.5175, 0.200812, 0.234783],
            [0.675, 0.306434, 0.180124],
            [0.965, 0.202975, 0.249958],
            [1.3175, 0.174205, 0.277721],
            [1.9175, 0.098216, 0.377837],
            [2.71, 0.059576, 0.451928],
            [3.0675, -0.013969, 0.651237],
            [3.4125, 0.02245, 0.539521],
            [3.8375, 0.027713, 0.52156],
            [4.39, 0.072919, 0.348082],
            [5.14, 0.022924, 0.567563],
            [5.97, 0.013633, 0.615316],
            [7.415, 0.009346, 0.640908],
            [9.1925, 0.005809, 0.667137],
            [10.235, 0.003508, 0.688285],
            [13.885, 0.001976, 0.703972],
            [27.41, 0.000922, 0.718603],
            [51.005, 0.000207, 0.738189],
            [53.4675, -0.000417, 0.770047]
          ]
        }
      },
      "defaultPushOutVolume": 2
    }
  },
  "maxVolume": 50,
  "minVolume": 5,
  "defaultTipracks": [
    "opentrons/opentrons_flex_96_tiprack_50ul/1",
    "opentrons/opentrons_flex_96_filtertiprack_50ul/1"
  ]
}
