{
  "$otSharedSchema": "#/pipette/schemas/2/pipetteLiquidPropertiesSchema.json",
  "supportedTips": {
    "t50": {
      "defaultAspirateFlowRate": {
        "default": 478,
        "valuesByApiLevel": {
          "2.14": 478
        }
      },
      "defaultDispenseFlowRate": {
        "default": 160,
        "valuesByApiLevel": {
          "2.14": 160
        }
      },
      "defaultBlowOutFlowRate": {
        "default": 160,
        "valuesByApiLevel": {
          "2.14": 160
        }
      },
      "defaultFlowAcceleration": 24000.0,
      "defaultTipLength": 57.9,
      "defaultReturnTipHeight": 0.71,
      "aspirate": {
        "default": {
          "1": [
            [0.598667, 5.492916, 0.238012],
            [1.008667, 4.441331, 0.867561],
            [1.703333, 3.134903, 2.185311],
            [2.148, 2.093612, 3.958978],
            [2.630667, 1.531735, 5.16589],
            [2.968667, 0.130993, 8.850773],
            [3.040667, -6.20796, 27.669014],
            [3.212, 0.534702, 7.166826],
            [3.542, 1.528965, 3.973251],
            [4.394, 1.677278, 3.447926],
            [5.366, 0.947649, 6.653918],
            [6.161333, 0.32074, 10.01791],
            [8.794667, 0.274041, 10.305637],
            [10.542667, 0.161462, 11.295736],
            [13.850667, 0.104161, 11.899836],
            [22.955333, 0.053443, 12.602318],
            [29.402, 0.027894, 13.188802],
            [47.971333, 0.015576, 13.550976],
            [54.092, 0.006549, 13.984019]
          ]
        }
      },
      "dispense": {
        "default": {
          "1": [
            [0.598667, 5.492916, 0.238012],
            [1.008667, 4.441331, 0.867561],
            [1.703333, 3.134903, 2.185311],
            [2.148, 2.093612, 3.958978],
            [2.630667, 1.531735, 5.16589],
            [2.968667, 0.130993, 8.850773],
            [3.040667, -6.20796, 27.669014],
            [3.212, 0.534702, 7.166826],
            [3.542, 1.528965, 3.973251],
            [4.394, 1.677278, 3.447926],
            [5.366, 0.947649, 6.653918],
            [6.161333, 0.32074, 10.01791],
            [8.794667, 0.274041, 10.305637],
            [10.542667, 0.161462, 11.295736],
            [13.850667, 0.104161, 11.899836],
            [22.955333, 0.053443, 12.602318],
            [29.402, 0.027894, 13.188802],
            [47.971333, 0.015576, 13.550976],
            [54.092, 0.006549, 13.984019]
          ]
        }
      },
      "defaultBlowoutVolume": 3.2
    },
    "t200": {
      "defaultAspirateFlowRate": {
        "default": 716,
        "valuesByApiLevel": {
          "2.14": 716
        }
      },
      "defaultDispenseFlowRate": {
        "default": 160,
        "valuesByApiLevel": {
          "2.14": 160
        }
      },
      "defaultBlowOutFlowRate": {
        "default": 160,
        "valuesByApiLevel": {
          "2.14": 160
        }
      },
      "defaultFlowAcceleration": 24000.0,
      "defaultTipLength": 58.35,
      "defaultReturnTipHeight": 0.71,
      "aspirate": {
        "default": {
          "1": [
            [0.1983, -15.5377, 4.4239],
            [0.2467, 1.5308, 1.0387],
            [0.285, -0.563, 1.5551],
            [1.395, 3.9759, 0.2615],
            [2.22, 2.4705, 2.3617],
            [3.01, 1.5233, 4.4644],
            [3.975, 1.1548, 5.5735],
            [4.99, 0.6825, 7.4508],
            [6.2033, 0.5072, 8.326],
            [7.6183, 0.3622, 9.2251],
            [9.3183, 0.2822, 9.8345],
            [11.305, 0.1951, 10.6468],
            [13.575, 0.1202, 11.4935],
            [16.2267, 0.0827, 12.0016],
            [19.4583, 0.0802, 12.0431],
            [23.33, 0.0692, 12.2572],
            [27.765, 0.0373, 13.0009],
            [33.1483, 0.0402, 12.9213],
            [39.3683, 0.0227, 13.5002],
            [46.82, 0.022, 13.5259],
            [55.5967, 0.0159, 13.8114],
            [65.8433, 0.0103, 14.1256],
            [77.925, 0.0078, 14.2893],
            [92.1383, 0.0057, 14.4522],
            [108.7467, 0.0033, 14.6725],
            [128.425, 0.0033, 14.6798],
            [151.605, 0.0025, 14.7791],
            [178.705, 0.0013, 14.953],
            [210.66, 0.0012, 14.9867]
          ]
        }
      },
      "dispense": {
        "default": {
          "1": [
            [0.1983, -15.5377, 4.4239],
            [0.2467, 1.5308, 1.0387],
            [0.285, -0.563, 1.5551],
            [1.395, 3.9759, 0.2615],
            [2.22, 2.4705, 2.3617],
            [3.01, 1.5233, 4.4644],
            [3.975, 1.1548, 5.5735],
            [4.99, 0.6825, 7.4508],
            [6.2033, 0.5072, 8.326],
            [7.6183, 0.3622, 9.2251],
            [9.3183, 0.2822, 9.8345],
            [11.305, 0.1951, 10.6468],
            [13.575, 0.1202, 11.4935],
            [16.2267, 0.0827, 12.0016],
            [19.4583, 0.0802, 12.0431],
            [23.33, 0.0692, 12.2572],
            [27.765, 0.0373, 13.0009],
            [33.1483, 0.0402, 12.9213],
            [39.3683, 0.0227, 13.5002],
            [46.82, 0.022, 13.5259],
            [55.5967, 0.0159, 13.8114],
            [65.8433, 0.0103, 14.1256],
            [77.925, 0.0078, 14.2893],
            [92.1383, 0.0057, 14.4522],
            [108.7467, 0.0033, 14.6725],
            [128.425, 0.0033, 14.6798],
            [151.605, 0.0025, 14.7791],
            [178.705, 0.0013, 14.953],
            [210.66, 0.0012, 14.9867]
          ]
        }
      },
      "defaultBlowoutVolume": 16
    },
    "t1000": {
      "defaultAspirateFlowRate": {
        "default": 716,
        "valuesByApiLevel": {
          "2.14": 716
        }
      },
      "defaultDispenseFlowRate": {
        "default": 160,
        "valuesByApiLevel": {
          "2.14": 160
        }
      },
      "defaultBlowOutFlowRate": {
        "default": 160,
        "valuesByApiLevel": {
          "2.14": 160
        }
      },
      "defaultFlowAcceleration": 24000.0,
      "defaultTipLength": 95.6,
      "defaultReturnTipHeight": 0.82,
      "aspirate": {
        "default": {
          "1": [
            [1.915833, 1.927128, 3.925446],
            [2.815833, 1.488084, 4.766582],
            [4.740833, 0.734841, 6.887589],
            [9.56, 0.312748, 8.88866],
            [11.899167, 0.185659, 10.103631],
            [14.8525, 0.147322, 10.559816],
            [51.128333, 0.042193, 12.121236],
            [92.410833, 0.010715, 13.730653],
            [112.169167, 0.004993, 14.259441],
            [243.099167, 0.002853, 14.499515],
            [355.853333, 0.000919, 14.969688],
            [430.2725, 0.000569, 15.094064],
            [627.886667, 0.000284, 15.216604],
            [999.469167, 0.000101, 15.331563],
            [1103.450833, 0.0, 15.433145]
          ]
        }
      },
      "dispense": {
        "default": {
          "1": [
            [1.915833, 1.927128, 3.925446],
            [2.815833, 1.488084, 4.766582],
            [4.740833, 0.734841, 6.887589],
            [9.56, 0.312748, 8.88866],
            [11.899167, 0.185659, 10.103631],
            [14.8525, 0.147322, 10.559816],
            [51.128333, 0.042193, 12.121236],
            [92.410833, 0.010715, 13.730653],
            [112.169167, 0.004993, 14.259441],
            [243.099167, 0.002853, 14.499515],
            [355.853333, 0.000919, 14.969688],
            [430.2725, 0.000569, 15.094064],
            [627.886667, 0.000284, 15.216604],
            [999.469167, 0.000101, 15.331563],
            [1103.450833, 0.0, 15.433145]
          ]
        }
      },
      "defaultBlowoutVolume": 16
    }
  },
  "defaultTipOverlapDictionary": {
    "default": 10.5,
    "opentrons/opentrons_flex_96_tiprack_1000ul/1": 10.5,
    "opentrons/opentrons_flex_96_tiprack_200ul/1": 10.5,
    "opentrons/opentrons_flex_96_tiprack_50ul/1": 10.5
  },
  "maxVolume": 1000,
  "minVolume": 5,
  "defaultTipracks": [
    "opentrons/opentrons_flex_96_tiprack_1000ul/1",
    "opentrons/opentrons_flex_96_tiprack_200ul/1",
    "opentrons/opentrons_flex_96_tiprack_50ul/1"
  ]
}
