{
  "$otSharedSchema": "#/pipette/schemas/2/pipetteLiquidPropertiesSchema.json",
  "supportedTips": {
    "t200": {
      "defaultAspirateFlowRate": {
        "default": 46.43,
        "valuesByApiLevel": { "2.0": 46.43, "2.6": 92.86 }
      },
      "defaultDispenseFlowRate": {
        "default": 46.43,
        "valuesByApiLevel": { "2.0": 46.43, "2.6": 92.86 }
      },
      "defaultBlowOutFlowRate": {
        "default": 46.43,
        "valuesByApiLevel": { "2.0": 46.43, "2.6": 92.86 }
      },
      "defaultTipLength": 49.0,
      "aspirate": {
        "default": {
          "1": [
            [15.0, 0.03765, 8.267],
            [16.85, 0.04986, 7.5856],
            [25.87, 0.022, 8.056],
            [30.38, 0.01239, 8.304],
            [34.94, 0.0119, 8.312],
            [39.55, 0.0118, 8.322],
            [44.17, 0.009613, 8.409],
            [53.34, 0.006137, 8.56],
            [62.58, 0.005383, 8.603],
            [71.88, 0.004954, 8.629],
            [81.14, 0.003271, 8.75],
            [90.51, 0.003783, 8.709],
            [99.77, 0.002023, 8.868],
            [109.1, 0.002414, 8.829],
            [118.5, 0.002089, 8.865],
            [127.7, 0.001333, 8.954],
            [137.1, 0.00156, 8.925],
            [146.4, 0.00137, 8.952],
            [155.7, 0.0009013, 9.02],
            [165.1, 0.001024, 9.001],
            [174.4, 0.0007312, 9.049],
            [183.7, 0.000922, 9.016],
            [202.4, 0.0006839, 9.05948],
            [221.0, 0.0006408, 9.068],
            [239.7, 0.0005434, 9.09],
            [258.4, 0.0004064, 9.123],
            [277.0, 0.0002951, 9.15],
            [295.8, 0.0006016, 9.066],
            [305.2, 0.0005193, 9.091]
          ]
        }
      },
      "dispense": {
        "default": {
          "1": [
            [15.0, 0.03765, 8.267],
            [16.85, 0.04986, 7.5856],
            [25.87, 0.022, 8.056],
            [30.38, 0.01239, 8.304],
            [34.94, 0.0119, 8.312],
            [39.55, 0.0118, 8.322],
            [44.17, 0.009613, 8.409],
            [53.34, 0.006137, 8.56],
            [62.58, 0.005383, 8.603],
            [71.88, 0.004954, 8.629],
            [81.14, 0.003271, 8.75],
            [90.51, 0.003783, 8.709],
            [99.77, 0.002023, 8.868],
            [109.1, 0.002414, 8.829],
            [118.5, 0.002089, 8.865],
            [127.7, 0.001333, 8.954],
            [137.1, 0.00156, 8.925],
            [146.4, 0.00137, 8.952],
            [155.7, 0.0009013, 9.02],
            [165.1, 0.001024, 9.001],
            [174.4, 0.0007312, 9.049],
            [183.7, 0.000922, 9.016],
            [202.4, 0.0006839, 9.05948],
            [221.0, 0.0006408, 9.068],
            [239.7, 0.0005434, 9.09],
            [258.4, 0.0004064, 9.123],
            [277.0, 0.0002951, 9.15],
            [295.8, 0.0006016, 9.066],
            [305.2, 0.0005193, 9.091]
          ]
        }
      },
      "defaultPushOutVolume": 0
    },
    "t300": {
      "defaultAspirateFlowRate": {
        "default": 46.43,
        "valuesByApiLevel": { "2.0": 46.43, "2.6": 92.86 }
      },
      "defaultDispenseFlowRate": {
        "default": 46.43,
        "valuesByApiLevel": { "2.0": 46.43, "2.6": 92.86 }
      },
      "defaultBlowOutFlowRate": {
        "default": 46.43,
        "valuesByApiLevel": { "2.0": 46.43, "2.6": 92.86 }
      },
      "defaultTipLength": 49.0,
      "aspirate": {
        "default": {
          "1": [
            [15.0, 0.03765, 8.267],
            [16.85, 0.04986, 7.5856],
            [25.87, 0.022, 8.056],
            [30.38, 0.01239, 8.304],
            [34.94, 0.0119, 8.312],
            [39.55, 0.0118, 8.322],
            [44.17, 0.009613, 8.409],
            [53.34, 0.006137, 8.56],
            [62.58, 0.005383, 8.603],
            [71.88, 0.004954, 8.629],
            [81.14, 0.003271, 8.75],
            [90.51, 0.003783, 8.709],
            [99.77, 0.002023, 8.868],
            [109.1, 0.002414, 8.829],
            [118.5, 0.002089, 8.865],
            [127.7, 0.001333, 8.954],
            [137.1, 0.00156, 8.925],
            [146.4, 0.00137, 8.952],
            [155.7, 0.0009013, 9.02],
            [165.1, 0.001024, 9.001],
            [174.4, 0.0007312, 9.049],
            [183.7, 0.000922, 9.016],
            [202.4, 0.0006839, 9.05948],
            [221.0, 0.0006408, 9.068],
            [239.7, 0.0005434, 9.09],
            [258.4, 0.0004064, 9.123],
            [277.0, 0.0002951, 9.15],
            [295.8, 0.0006016, 9.066],
            [305.2, 0.0005193, 9.091]
          ]
        }
      },
      "dispense": {
        "default": {
          "1": [
            [15.0, 0.03765, 8.267],
            [16.85, 0.04986, 7.5856],
            [25.87, 0.022, 8.056],
            [30.38, 0.01239, 8.304],
            [34.94, 0.0119, 8.312],
            [39.55, 0.0118, 8.322],
            [44.17, 0.009613, 8.409],
            [53.34, 0.006137, 8.56],
            [62.58, 0.005383, 8.603],
            [71.88, 0.004954, 8.629],
            [81.14, 0.003271, 8.75],
            [90.51, 0.003783, 8.709],
            [99.77, 0.002023, 8.868],
            [109.1, 0.002414, 8.829],
            [118.5, 0.002089, 8.865],
            [127.7, 0.001333, 8.954],
            [137.1, 0.00156, 8.925],
            [146.4, 0.00137, 8.952],
            [155.7, 0.0009013, 9.02],
            [165.1, 0.001024, 9.001],
            [174.4, 0.0007312, 9.049],
            [183.7, 0.000922, 9.016],
            [202.4, 0.0006839, 9.05948],
            [221.0, 0.0006408, 9.068],
            [239.7, 0.0005434, 9.09],
            [258.4, 0.0004064, 9.123],
            [277.0, 0.0002951, 9.15],
            [295.8, 0.0006016, 9.066],
            [305.2, 0.0005193, 9.091]
          ]
        }
      },
      "defaultPushOutVolume": 0
    }
  },
  "maxVolume": 300,
  "minVolume": 20.0,
  "defaultTipracks": [
    "opentrons/opentrons_96_tiprack_300ul/1",
    "opentrons/opentrons_96_filtertiprack_200ul/1"
  ]
}
