{
  "$otSharedSchema": "#/pipette/schemas/2/pipetteLiquidPropertiesSchema.json",
  "supportedTips": {
    "t10": {
      "defaultAspirateFlowRate": 5.0,
      "defaultDispenseFlowRate": 10.0,
      "defaultBlowOutFlowRate": 1000.0,
      "defaultTipLength": 33.0,
      "defaultTipOverlap": 3.29,
      "defaultReturnTipHeight": null,
      "aspirate": {
        "opentrons/opentrons_96_tiprack_10ul/1": [
          [1.893415617, -1.1069, 3.042593193],
          [2.497849452, -0.1888, 1.30410391],
          [5.649462387, -0.0081, 0.8528667891],
          [12.74444519, -0.0018, 0.8170558891]
        ],
        "opentrons/opentrons_96_filtertiprack_10ul/1": [
          [1.893415617, -1.1069, 3.042593193],
          [2.497849452, -0.1888, 1.30410391],
          [5.649462387, -0.0081, 0.8528667891],
          [12.74444519, -0.0018, 0.8170558891]
        ],
        "opentrons/geb_96_tiprack_10ul/1": [
          [1.893415617, -1.1069, 3.042593193],
          [2.497849452, -0.1888, 1.30410391],
          [5.649462387, -0.0081, 0.8528667891],
          [12.74444519, -0.0018, 0.8170558891]
        ],
        "opentrons/eppendorf_96_tiprack_10ul_eptips/1": [
          [1.893415617, -1.1069, 3.042593193],
          [2.497849452, -0.1888, 1.30410391],
          [5.649462387, -0.0081, 0.8528667891],
          [12.74444519, -0.0018, 0.8170558891]
        ],
        "default": [
          [1.893415617, -1.1069, 3.042593193],
          [2.497849452, -0.1888, 1.30410391],
          [5.649462387, -0.0081, 0.8528667891],
          [12.74444519, -0.0018, 0.8170558891]
        ]
      },
      "dispense": {
        "opentrons/opentrons_96_tiprack_10ul/1": [
          [12.74444519, 0.0, 0.8058688085]
        ],
        "opentrons/opentrons_96_filtertiprack_10ul/1": [
          [12.74444519, 0.0, 0.8058688085]
        ],
        "opentrons/geb_96_tiprack_10ul/1": [[12.74444519, 0.0, 0.8058688085]],
        "opentrons/eppendorf_96_tiprack_10ul_eptips/1": [
          [12.74444519, 0.0, 0.8058688085]
        ],
        "default": [[12.74444519, 0.0, 0.8058688085]]
      },
      "defaultTipOverlapDictionary": {
        "opentrons/opentrons_96_tiprack_10ul/1": 3.29,
        "opentrons/opentrons_96_filtertiprack_10ul/1": 3.29,
        "opentrons/geb_96_tiprack_10ul/1": 6.2,
        "opentrons/eppendorf_96_tiprack_10ul_eptips/1": 1.0
      }
    }
  },
  "maxVolume": 10,
  "minVolume": 1.0,
  "defaultTipracks": [
    "opentrons/opentrons_96_tiprack_10ul/1",
    "opentrons/opentrons_96_filtertiprack_10ul/1",
    "opentrons/geb_96_tiprack_10ul/1"
  ]
}
