{
  "$otSharedSchema": "#/pipette/schemas/2/pipetteLiquidPropertiesSchema.json",
  "supportedTips": {
    "t50": {
      "uiMaxFlowRate": 189.1,
      "defaultAspirateFlowRate": {
        "default": 6,
        "valuesByApiLevel": { "2.14": 6 }
      },
      "defaultDispenseFlowRate": {
        "default": 6,
        "valuesByApiLevel": { "2.14": 6 }
      },
      "defaultBlowOutFlowRate": {
        "default": 80,
        "valuesByApiLevel": { "2.14": 80 }
      },
      "defaultFlowAcceleration": 16000.0,
      "defaultTipLength": 57.9,
      "defaultReturnTipHeight": 0.2,
      "aspirate": {
        "default": {
          "1": [
            [1.933333, 2.844459, 4.750159],
            [2.833333, 1.12901, 8.066694],
            [3.603333, 0.254744, 10.543779],
            [4.836667, 1.101839, 7.491414],
            [5.755, 0.277649, 11.47775],
            [6.643333, 0.14813, 12.223126],
            [7.548333, 0.145635, 12.239705],
            [8.475, 0.15097, 12.199433],
            [13.02, 0.071736, 12.870946],
            [22.318333, 0.042305, 13.254131],
            [36.463333, 0.021195, 13.725284],
            [54.82, 0.001805, 14.43229]
          ]
        }
      },
      "dispense": {
        "default": {
          "1": [
            [1.933333, 2.844459, 4.750159],
            [2.833333, 1.12901, 8.066694],
            [3.603333, 0.254744, 10.543779],
            [4.836667, 1.101839, 7.491414],
            [5.755, 0.277649, 11.47775],
            [6.643333, 0.14813, 12.223126],
            [7.548333, 0.145635, 12.239705],
            [8.475, 0.15097, 12.199433],
            [13.02, 0.071736, 12.870946],
            [22.318333, 0.042305, 13.254131],
            [36.463333, 0.021195, 13.725284],
            [54.82, 0.001805, 14.43229]
          ]
        }
      },
      "defaultPushOutVolume": 7
    },
    "t200": {
      "uiMaxFlowRate": 185.1,
      "defaultAspirateFlowRate": {
        "default": 80,
        "valuesByApiLevel": { "2.14": 80 }
      },
      "defaultDispenseFlowRate": {
        "default": 80,
        "valuesByApiLevel": { "2.14": 80 }
      },
      "defaultBlowOutFlowRate": {
        "default": 80,
        "valuesByApiLevel": { "2.14": 80 }
      },
      "defaultFlowAcceleration": 16000.0,
      "defaultTipLength": 58.35,
      "defaultReturnTipHeight": 0.2,
      "aspirate": {
        "default": {
          "1": [
            [1.39875, 4.681865, 0.866627],
            [2.5225, 2.326382, 4.161359],
            [3.625, 1.361424, 6.595466],
            [4.69125, 0.848354, 8.455342],
            [5.705, 0.519685, 9.997214],
            [6.70625, 0.36981, 10.852249],
            [7.69375, 0.267029, 11.541523],
            [8.67875, 0.210129, 11.979299],
            [47.05, 0.030309, 13.539909],
            [95.24375, 0.003774, 14.78837],
            [211.0225, 0.000928, 15.059476]
          ]
        }
      },
      "dispense": {
        "default": {
          "1": [
            [1.39875, 4.681865, 0.866627],
            [2.5225, 2.326382, 4.161359],
            [3.625, 1.361424, 6.595466],
            [4.69125, 0.848354, 8.455342],
            [5.705, 0.519685, 9.997214],
            [6.70625, 0.36981, 10.852249],
            [7.69375, 0.267029, 11.541523],
            [8.67875, 0.210129, 11.979299],
            [47.05, 0.030309, 13.539909],
            [95.24375, 0.003774, 14.78837],
            [211.0225, 0.000928, 15.059476]
          ]
        }
      },
      "defaultPushOutVolume": 5
    },
    "t1000": {
      "uiMaxFlowRate": 185.1,
      "defaultAspirateFlowRate": {
        "default": 160,
        "valuesByApiLevel": { "2.14": 160 }
      },
      "defaultDispenseFlowRate": {
        "default": 160,
        "valuesByApiLevel": { "2.14": 160 }
      },
      "defaultBlowOutFlowRate": {
        "default": 80,
        "valuesByApiLevel": { "2.14": 80 }
      },
      "defaultFlowAcceleration": 16000.0,
      "defaultTipLength": 95.6,
      "defaultReturnTipHeight": 0.2,
      "aspirate": {
        "default": {
          "1": [
            [3.76, 2.041301, 4.284751],
            [5.684286, 0.49624, 10.09418],
            [8.445714, 0.187358, 11.849952],
            [12.981429, 0.073135, 12.814653],
            [17.667143, 0.060853, 12.974083],
            [46.515714, 0.025888, 13.591828],
            [95.032857, 0.006561, 14.490827],
            [114.488571, 0.00306, 14.823556],
            [192.228571, 0.001447, 15.00822],
            [309.921429, 0.000995, 15.095087],
            [436.984286, 0.000322, 15.303634],
            [632.861429, 0.000208, 15.353582],
            [828.952857, 0.00013, 15.402544],
            [976.118571, 9.5e-5, 15.431673],
            [1005.275714, -6.7e-5, 15.589843],
            [1024.768571, -2.1e-5, 15.543681],
            [1049.145714, -1.3e-5, 15.535884]
          ]
        }
      },
      "dispense": {
        "default": {
          "1": [
            [3.76, 2.041301, 4.284751],
            [5.684286, 0.49624, 10.09418],
            [8.445714, 0.187358, 11.849952],
            [12.981429, 0.073135, 12.814653],
            [17.667143, 0.060853, 12.974083],
            [46.515714, 0.025888, 13.591828],
            [95.032857, 0.006561, 14.490827],
            [114.488571, 0.00306, 14.823556],
            [192.228571, 0.001447, 15.00822],
            [309.921429, 0.000995, 15.095087],
            [436.984286, 0.000322, 15.303634],
            [632.861429, 0.000208, 15.353582],
            [828.952857, 0.00013, 15.402544],
            [976.118571, 9.5e-5, 15.431673],
            [1005.275714, -6.7e-5, 15.589843],
            [1024.768571, -2.1e-5, 15.543681],
            [1049.145714, -1.3e-5, 15.535884]
          ]
        }
      },
      "defaultPushOutVolume": 20
    }
  },
  "maxVolume": 1000,
  "minVolume": 5,
  "defaultTipracks": [
    "opentrons/opentrons_flex_96_tiprack_1000ul/1",
    "opentrons/opentrons_flex_96_tiprack_200ul/1",
    "opentrons/opentrons_flex_96_tiprack_50ul/1",
    "opentrons/opentrons_flex_96_filtertiprack_1000ul/1",
    "opentrons/opentrons_flex_96_filtertiprack_200ul/1",
    "opentrons/opentrons_flex_96_filtertiprack_50ul/1"
  ]
}
