{
  "$otSharedSchema": "#/pipette/schemas/2/pipetteLiquidPropertiesSchema.json",
  "supportedTips": {
    "t50": {
      "uiMaxFlowRate": 31.8,
      "defaultAspirateFlowRate": {
        "default": 31.8,
        "valuesByApiLevel": { "2.14": 31.8 }
      },
      "defaultDispenseFlowRate": {
        "default": 31.8,
        "valuesByApiLevel": { "2.14": 31.8 }
      },
      "defaultBlowOutFlowRate": {
        "default": 31.8,
        "valuesByApiLevel": { "2.14": 31.8 }
      },
      "defaultFlowAcceleration": 1200.0,
      "defaultTipLength": 57.9,
      "defaultReturnTipHeight": 0.71,
      "aspirate": {
        "default": {
          "1": [
            [0.36, 0.560999, 0.03366],
            [0.546667, 0.416654, 0.085624],
            [1.02, 0.333473, 0.131096],
            [1.3, 0.1045, 0.364649],
            [1.956667, 0.117611, 0.347604],
            [2.68, 0.039898, 0.499663],
            [3.013333, -0.026841, 0.678523],
            [3.36, 0.025988, 0.519331],
            [3.78, 0.028211, 0.511863],
            [4.396667, 0.082234, 0.307657],
            [5.073333, 0.010771, 0.621856],
            [5.88, 0.012027, 0.615482],
            [7.3, 0.00915, 0.632397],
            [9.086667, 0.007301, 0.645898],
            [10.143333, 0.005174, 0.665228],
            [13.76, 0.001967, 0.697758],
            [27.223333, 0.001039, 0.710524],
            [45.73, 0.000284, 0.731072]
          ]
        }
      },
      "dispense": {
        "default": {
          "1": [
            [0.36, 0.560999, 0.03366],
            [0.546667, 0.416654, 0.085624],
            [1.02, 0.333473, 0.131096],
            [1.3, 0.1045, 0.364649],
            [1.956667, 0.117611, 0.347604],
            [2.68, 0.039898, 0.499663],
            [3.013333, -0.026841, 0.678523],
            [3.36, 0.025988, 0.519331],
            [3.78, 0.028211, 0.511863],
            [4.396667, 0.082234, 0.307657],
            [5.073333, 0.010771, 0.621856],
            [5.88, 0.012027, 0.615482],
            [7.3, 0.00915, 0.632397],
            [9.086667, 0.007301, 0.645898],
            [10.143333, 0.005174, 0.665228],
            [13.76, 0.001967, 0.697758],
            [27.223333, 0.001039, 0.710524],
            [45.73, 0.000284, 0.731072]
          ]
        }
      },
      "defaultPushOutVolume": 7
    }
  },
  "maxVolume": 30,
  "minVolume": 1,
  "defaultTipracks": [
    "opentrons/opentrons_flex_96_tiprack_50ul/1",
    "opentrons/opentrons_flex_96_filtertiprack_50ul/1"
  ]
}
