{
  "$otSharedSchema": "#/pipette/schemas/2/pipetteLiquidPropertiesSchema.json",
  "supportedTips": {
    "t50": {
      "maxFlowRate": {
        "1": 32.8,
        "2": 41.5,
        "3": 42.6,
        "4": 45.5,
        "5": 48,
        "6": 48.7,
        "7": 49.3,
        "8": 49.7,
        "9": 50,
        "10": 50.3,
        "11": 50.5,
        "12": 50.7,
        "13": 50.8,
        "14": 50.9,
        "15": 51,
        "16": 51.1,
        "17": 51.1,
        "18": 51.2,
        "19": 51.2,
        "20": 51.3,
        "21": 51.3,
        "22": 51.4,
        "23": 51.4,
        "24": 51.5,
        "25": 51.6,
        "26": 51.6,
        "27": 51.7,
        "28": 51.7,
        "29": 51.7,
        "30": 51.7
      },
      "defaultAspirateFlowRate": {
        "default": 35,
        "valuesByApiLevel": { "2.14": 35 }
      },
      "defaultDispenseFlowRate": {
        "default": 57,
        "valuesByApiLevel": { "2.14": 57 }
      },
      "defaultBlowOutFlowRate": {
        "default": 57,
        "valuesByApiLevel": { "2.14": 57 }
      },
      "defaultFlowAcceleration": 1200.0,
      "defaultTipLength": 57.9,
      "defaultReturnTipHeight": 0.71,
      "aspirate": {
        "default": {
          "1": [
            [0.11, 0.207815, 0.040201],
            [0.65, 0.43933, 0.014735],
            [1.04, 0.256666, 0.133466],
            [1.67, 0.147126, 0.247388],
            [2.45, 0.078774, 0.361536],
            [2.89, 0.042387, 0.450684],
            [3.2, 0.014781, 0.530464],
            [3.79, 0.071819, 0.347944],
            [4.22, 0.051592, 0.424605],
            [4.93, 0.021219, 0.552775],
            [5.81, 0.023461, 0.541725],
            [7.21, 0.008959, 0.625982],
            [8.93, 0.005456, 0.651235],
            [10.0, 0.007108, 0.636489],
            [13.61, 0.002591, 0.681656],
            [26.99, 0.001163, 0.701094],
            [45.25, 0.000207, 0.726887]
          ]
        }
      },
      "dispense": {
        "default": {
          "1": [
            [0.11, 0.207815, 0.040201],
            [0.65, 0.43933, 0.014735],
            [1.04, 0.256666, 0.133466],
            [1.67, 0.147126, 0.247388],
            [2.45, 0.078774, 0.361536],
            [2.89, 0.042387, 0.450684],
            [3.2, 0.014781, 0.530464],
            [3.79, 0.071819, 0.347944],
            [4.22, 0.051592, 0.424605],
            [4.93, 0.021219, 0.552775],
            [5.81, 0.023461, 0.541725],
            [7.21, 0.008959, 0.625982],
            [8.93, 0.005456, 0.651235],
            [10.0, 0.007108, 0.636489],
            [13.61, 0.002591, 0.681656],
            [26.99, 0.001163, 0.701094],
            [45.25, 0.000207, 0.726887]
          ]
        }
      },
      "defaultPushOutVolume": 7
    }
  },
  "defaultTipOverlapDictionary": {
    "default": 10.5,
    "opentrons/opentrons_flex_96_tiprack_50ul/1": 10.5,
    "opentrons/opentrons_flex_96_filtertiprack_50ul/1": 10.5
  },
  "maxVolume": 30,
  "minVolume": 1,
  "defaultTipracks": [
    "opentrons/opentrons_flex_96_tiprack_50ul/1",
    "opentrons/opentrons_flex_96_filtertiprack_50ul/1"
  ]
}
