{
  "$otSharedSchema": "#/pipette/schemas/2/pipetteLiquidPropertiesSchema.json",
  "supportedTips": {
    "t50": {
      "uiMaxFlowRate": 26.7,
      "defaultAspirateFlowRate": {
        "default": 26.7,
        "valuesByApiLevel": { "2.14": 26.7 }
      },
      "defaultDispenseFlowRate": {
        "default": 26.7,
        "valuesByApiLevel": { "2.14": 26.7 }
      },
      "defaultBlowOutFlowRate": {
        "default": 26.7,
        "valuesByApiLevel": { "2.14": 26.7 }
      },
      "defaultFlowAcceleration": 1200.0,
      "defaultTipLength": 57.9,
      "defaultReturnTipHeight": 0.71,
      "aspirate": {
        "default": {
          "1": [
            [0.4, 0.507042, 0.058982],
            [0.593, 0.404962, 0.099815],
            [0.966, 0.285078, 0.170906],
            [1.326, 0.178383, 0.273973],
            [1.947, 0.103651, 0.373068],
            [2.72, 0.052739, 0.472193],
            [3.045, -0.036061, 0.71373],
            [3.369, 0.013437, 0.563006],
            [3.972, 0.069054, 0.375634],
            [4.386, 0.042685, 0.480373],
            [5.089, 0.015649, 0.598954],
            [5.944, 0.01764, 0.588822],
            [7.342, 0.006829, 0.653077],
            [9.094, 0.005478, 0.663002],
            [10.145, 0.004767, 0.669464],
            [13.84, 0.003034, 0.687049],
            [27.343, 0.000964, 0.715687],
            [45.875, 0.000236, 0.735607],
            [51, 0.000236, 0.735607]
          ]
        }
      },
      "dispense": {
        "default": {
          "1": [
            [0.4, 0.507042, 0.058982],
            [0.593, 0.404962, 0.099815],
            [0.966, 0.285078, 0.170906],
            [1.326, 0.178383, 0.273973],
            [1.947, 0.103651, 0.373068],
            [2.72, 0.052739, 0.472193],
            [3.045, -0.036061, 0.71373],
            [3.369, 0.013437, 0.563006],
            [3.972, 0.069054, 0.375634],
            [4.386, 0.042685, 0.480373],
            [5.089, 0.015649, 0.598954],
            [5.944, 0.01764, 0.588822],
            [7.342, 0.006829, 0.653077],
            [9.094, 0.005478, 0.663002],
            [10.145, 0.004767, 0.669464],
            [13.84, 0.003034, 0.687049],
            [27.343, 0.000964, 0.715687],
            [45.875, 0.000236, 0.735607],
            [51.875, 0.000236, 0.735607]
          ]
        }
      },
      "defaultPushOutVolume": 7
    },
    "t20": {
      "uiMaxFlowRate": 26.7,
      "defaultAspirateFlowRate": {
        "default": 26.7,
        "valuesByApiLevel": { "2.14": 26.7 }
      },
      "defaultDispenseFlowRate": {
        "default": 26.7,
        "valuesByApiLevel": { "2.14": 26.7 }
      },
      "defaultBlowOutFlowRate": {
        "default": 26.7,
        "valuesByApiLevel": { "2.14": 26.7 }
      },
      "defaultFlowAcceleration": 1200.0,
      "defaultTipLength": 57.9,
      "defaultReturnTipHeight": 0.71,
      "aspirate": {
        "default": {
          "1": [
            [0.11, 0.207815, 0.040201],
            [0.65, 0.43933, 0.014735],
            [1.04, 0.256666, 0.133466],
            [1.67, 0.147126, 0.247388],
            [2.45, 0.078774, 0.361536],
            [2.89, 0.042387, 0.450684],
            [3.2, 0.014781, 0.530464],
            [3.79, 0.071819, 0.347944],
            [4.22, 0.051592, 0.424605],
            [4.93, 0.021219, 0.552775],
            [5.81, 0.023461, 0.541725],
            [7.21, 0.008959, 0.625982],
            [8.93, 0.005456, 0.651235],
            [10.0, 0.007108, 0.636489],
            [13.61, 0.002591, 0.681656],
            [21.61, 0.002591, 0.681656]
          ]
        }
      },
      "dispense": {
        "default": {
          "1": [
            [0.11, 0.207815, 0.040201],
            [0.65, 0.43933, 0.014735],
            [1.04, 0.256666, 0.133466],
            [1.67, 0.147126, 0.247388],
            [2.45, 0.078774, 0.361536],
            [2.89, 0.042387, 0.450684],
            [3.2, 0.014781, 0.530464],
            [3.79, 0.071819, 0.347944],
            [4.22, 0.051592, 0.424605],
            [4.93, 0.021219, 0.552775],
            [5.81, 0.023461, 0.541725],
            [7.21, 0.008959, 0.625982],
            [8.93, 0.005456, 0.651235],
            [10.0, 0.007108, 0.636489],
            [13.61, 0.002591, 0.681656],
            [21.61, 0.002591, 0.681656]
          ]
        }
      },
      "defaultPushOutVolume": 7
    }
  },
  "defaultTipOverlapDictionary": {
    "default": 10.5,
    "opentrons/opentrons_flex_96_tiprack_50ul/1": 10.5,
    "opentrons/opentrons_flex_96_filtertiprack_50ul/1": 10.5,
    "opentrons/opentrons_flex_96_tiprack_20ul/1": 10.5,
    "opentrons/opentrons_flex_96_filtertiprack_20ul/1": 10.5
  },
  "maxVolume": 30,
  "minVolume": 1,
  "defaultTipracks": [
    "opentrons/opentrons_flex_96_tiprack_50ul/1",
    "opentrons/opentrons_flex_96_filtertiprack_50ul/1",
    "opentrons/opentrons_flex_96_tiprack_20ul/1",
    "opentrons/opentrons_flex_96_filtertiprack_20ul/1"
  ]
}
