{
  "$otSharedSchema": "#/pipette/schemas/2/pipetteLiquidPropertiesSchema.json",
  "supportedTips": {
    "t50": {
      "uiMaxFlowRate": 26.7,
      "defaultAspirateFlowRate": {
        "default": 26.7,
        "valuesByApiLevel": { "2.14": 26.7 }
      },
      "defaultDispenseFlowRate": {
        "default": 26.7,
        "valuesByApiLevel": { "2.14": 26.7 }
      },
      "defaultBlowOutFlowRate": {
        "default": 26.7,
        "valuesByApiLevel": { "2.14": 26.7 }
      },
      "defaultFlowAcceleration": 1200.0,
      "defaultTipLength": 57.9,
      "defaultReturnTipHeight": 0.71,
      "aspirate": {
        "default": {
          "1": [
            [0.11, 0.207815, 0.040201],
            [0.65, 0.43933, 0.014735],
            [1.04, 0.256666, 0.133466],
            [1.67, 0.147126, 0.247388],
            [2.45, 0.078774, 0.361536],
            [2.89, 0.042387, 0.450684],
            [3.2, 0.014781, 0.530464],
            [3.79, 0.071819, 0.347944],
            [4.22, 0.051592, 0.424605],
            [4.93, 0.021219, 0.552775],
            [5.81, 0.023461, 0.541725],
            [7.21, 0.008959, 0.625982],
            [8.93, 0.005456, 0.651235],
            [10.0, 0.007108, 0.636489],
            [13.61, 0.002591, 0.681656],
            [26.99, 0.001163, 0.701094],
            [45.25, 0.000207, 0.726887]
          ],
          "2": [
            [0.840000, 0.158666, 0.416499],
            [0.970000, 0.048509, 0.509031],
            [1.290000, 0.124668, 0.435157],
            [1.580000, 0.042483, 0.541176],
            [2.180000, 0.058956, 0.515148],
            [2.930000, 0.026004, 0.586985],
            [3.170000, -0.143582, 1.083869],
            [3.570000, 0.039632, 0.503081],
            [4.180000, 0.064562, 0.414082],
            [4.630000, 0.046170, 0.490960],
            [5.320000, 0.006760, 0.673428],
            [6.160000, 0.011294, 0.649310],
            [7.580000, 0.005025, 0.687923],
            [9.330000, 0.003028, 0.703060],
            [10.340000, 0.000306, 0.728457],
            [14.030000, 0.002011, 0.710831],
            [27.560000, 0.000658, 0.729811],
            [46.210000, 0.000211, 0.742134]
          ]
        }
      },
      "dispense": {
        "default": {
          "1": [
            [0.11, 0.207815, 0.040201],
            [0.65, 0.43933, 0.014735],
            [1.04, 0.256666, 0.133466],
            [1.67, 0.147126, 0.247388],
            [2.45, 0.078774, 0.361536],
            [2.89, 0.042387, 0.450684],
            [3.2, 0.014781, 0.530464],
            [3.79, 0.071819, 0.347944],
            [4.22, 0.051592, 0.424605],
            [4.93, 0.021219, 0.552775],
            [5.81, 0.023461, 0.541725],
            [7.21, 0.008959, 0.625982],
            [8.93, 0.005456, 0.651235],
            [10.0, 0.007108, 0.636489],
            [13.61, 0.002591, 0.681656],
            [26.99, 0.001163, 0.701094],
            [45.25, 0.000207, 0.726887]
          ],
          "2": [
            [0.840000, 0.158666, 0.416499],
            [0.970000, 0.048509, 0.509031],
            [1.290000, 0.124668, 0.435157],
            [1.580000, 0.042483, 0.541176],
            [2.180000, 0.058956, 0.515148],
            [2.930000, 0.026004, 0.586985],
            [3.170000, -0.143582, 1.083869],
            [3.570000, 0.039632, 0.503081],
            [4.180000, 0.064562, 0.414082],
            [4.630000, 0.046170, 0.490960],
            [5.320000, 0.006760, 0.673428],
            [6.160000, 0.011294, 0.649310],
            [7.580000, 0.005025, 0.687923],
            [9.330000, 0.003028, 0.703060],
            [10.340000, 0.000306, 0.728457],
            [14.030000, 0.002011, 0.710831],
            [27.560000, 0.000658, 0.729811],
            [46.210000, 0.000211, 0.742134]
          ]
        }
      },
      "defaultPushOutVolume": 7
    }
  },
  "maxVolume": 30,
  "minVolume": 1,
  "defaultTipracks": [
    "opentrons/opentrons_flex_96_tiprack_50ul/1",
    "opentrons/opentrons_flex_96_filtertiprack_50ul/1"
  ]
}
