{
  "$otSharedSchema": "#/pipette/schemas/2/pipetteLiquidPropertiesSchema.json",
  "supportedTips": {
    "t50": {
      "uiMaxFlowRate": 26.7,
      "defaultAspirateFlowRate": {
        "default": 26.7,
        "valuesByApiLevel": { "2.14": 26.7 }
      },
      "defaultDispenseFlowRate": {
        "default": 26.7,
        "valuesByApiLevel": { "2.14": 26.7 }
      },
      "defaultBlowOutFlowRate": {
        "default": 26.7,
        "valuesByApiLevel": { "2.14": 26.7 }
      },
      "defaultFlowAcceleration": 1200.0,
      "defaultTipLength": 57.9,
      "defaultReturnTipHeight": 0.71,
      "aspirate": {
        "default": {
          "1": [
            [0.541667, 0.302563, 0.190632],
            [0.668333, 0.225982, 0.232113],
            [1.028333, 0.255401, 0.212451],
            [1.365, 0.149807, 0.321038],
            [1.965, 0.091112, 0.401156],
            [2.78, 0.060163, 0.46197],
            [3.136667, -0.019962, 0.684718],
            [3.471667, 0.014059, 0.578005],
            [3.916667, 0.031571, 0.51721],
            [4.458333, 0.069665, 0.368009],
            [5.173333, 0.015715, 0.608534],
            [5.99, 0.011271, 0.631526],
            [7.39, 0.006269, 0.661487],
            [9.18, 0.006559, 0.659347],
            [10.193333, 0.001667, 0.704254],
            [13.87, 0.002548, 0.695269],
            [27.368333, 0.000899, 0.718151],
            [45.855, 0.000182, 0.737772]
          ]
        }
      },
      "dispense": {
        "default": {
          "1": [
            [0.541667, 0.302563, 0.190632],
            [0.668333, 0.225982, 0.232113],
            [1.028333, 0.255401, 0.212451],
            [1.365, 0.149807, 0.321038],
            [1.965, 0.091112, 0.401156],
            [2.78, 0.060163, 0.46197],
            [3.136667, -0.019962, 0.684718],
            [3.471667, 0.014059, 0.578005],
            [3.916667, 0.031571, 0.51721],
            [4.458333, 0.069665, 0.368009],
            [5.173333, 0.015715, 0.608534],
            [5.99, 0.011271, 0.631526],
            [7.39, 0.006269, 0.661487],
            [9.18, 0.006559, 0.659347],
            [10.193333, 0.001667, 0.704254],
            [13.87, 0.002548, 0.695269],
            [27.368333, 0.000899, 0.718151],
            [45.855, 0.000182, 0.737772]
          ]
        }
      },
      "defaultPushOutVolume": 7
    }
  },
  "maxVolume": 30,
  "minVolume": 1,
  "defaultTipracks": [
    "opentrons/opentrons_flex_96_tiprack_50ul/1",
    "opentrons/opentrons_flex_96_filtertiprack_50ul/1"
  ]
}
