{
	"$otSharedSchema": "pipette/schemas/2/pipetteLiquidPropertiesSchema",
	"defaultAspirateFlowRate": 20,
	"defaultDispenseFlowRate": 20,
	"defaultBlowOutFlowRate": 20,
	"ulPerMm": [
        {
          "aspirate": [
            [1.4446, -3.1006, 23.7397],
            [1.615, -18.2508, 45.625],
            [2.5372, 0.8293, 14.8107],
            [3.2862, -0.6458, 18.5534],
            [6.2258, -0.2948, 17.4],
            [9.4771, 0.07097, 15.1226],
            [12.5887, -0.01907, 15.976],
            [15.7004, -0.01137, 15.879],
            [19.6152, 0.1649, 13.1113],
            [23.1681, 0.05703, 15.2273],
            [26.7381, 0.04557, 15.493],
            [30.4654, 0.05739, 15.1767],
            [34.2152, 0.04863, 15.4436],
            [38.7624, 0.02642, 16.2036],
            [43.2773, 0.01842, 16.5136],
            [48.1036, 0.03756, 15.6855],
            [52.6929, 0.01571, 16.7365],
            [57.2642, 0.01213, 16.925],
            [62.0979, 0.02534, 16.1686],
            [66.7387, 0.01179, 17.009999],
            [71.486, 0.0155, 16.7493],
            [76.2501, 0.01463, 16.8256],
            [81.0394, 0.01411, 16.8655],
            [85.758, 0.00967, 17.225],
            [90.6398, 0.01507, 16.7623],
            [100.07234, 0.007105, 17.484],
            [109.5798, 0.006615, 17.533],
            [119.08478, 0.004649, 17.7538],
            [128.4575, 0.003236, 17.9354],
            [147.5684, 0.004971, 17.7126],
            [166.616, 0.003509, 17.9283],
            [185.4788, 0.001855, 18.2038],
            [223.6542, 0.002357, 18.1107],
            [261.6787, 0.001407, 18.3233],
            [299.4279, 0.0006069, 18.5325],
            [337.5744, 0.001046, 18.4011],
            [375.6627, 0.000761, 18.4971],
            [451.3642, 0.0003132, 18.6655],
            [527.702, 0.0005195, 18.5724],
            [603.8462, 0.0003112, 18.6823],
            [679.6478, 0.0001176, 18.7992],
            [756.1471, 0.0003212, 18.6608],
            [851.7677, 0.0002561, 18.71],
            [947.8574, 0.0003016, 18.6713],
            [1043.9784, 0.0002526, 18.7177]
          ],
          "dispense": [
            [1.4446, -3.1006, 23.7397],
            [1.615, -18.2508, 45.625],
            [2.5372, 0.8293, 14.8107],
            [3.2862, -0.6458, 18.5534],
            [6.2258, -0.2948, 17.4],
            [9.4771, 0.07097, 15.1226],
            [12.5887, -0.01907, 15.976],
            [15.7004, -0.01137, 15.879],
            [19.6152, 0.1649, 13.1113],
            [23.1681, 0.05703, 15.2273],
            [26.7381, 0.04557, 15.493],
            [30.4654, 0.05739, 15.1767],
            [34.2152, 0.04863, 15.4436],
            [38.7624, 0.02642, 16.2036],
            [43.2773, 0.01842, 16.5136],
            [48.1036, 0.03756, 15.6855],
            [52.6929, 0.01571, 16.7365],
            [57.2642, 0.01213, 16.925],
            [62.0979, 0.02534, 16.1686],
            [66.7387, 0.01179, 17.009999],
            [71.486, 0.0155, 16.7493],
            [76.2501, 0.01463, 16.8256],
            [81.0394, 0.01411, 16.8655],
            [85.758, 0.00967, 17.225],
            [90.6398, 0.01507, 16.7623],
            [100.07234, 0.007105, 17.484],
            [109.5798, 0.006615, 17.533],
            [119.08478, 0.004649, 17.7538],
            [128.4575, 0.003236, 17.9354],
            [147.5684, 0.004971, 17.7126],
            [166.616, 0.003509, 17.9283],
            [185.4788, 0.001855, 18.2038],
            [223.6542, 0.002357, 18.1107],
            [261.6787, 0.001407, 18.3233],
            [299.4279, 0.0006069, 18.5325],
            [337.5744, 0.001046, 18.4011],
            [375.6627, 0.000761, 18.4971],
            [451.3642, 0.0003132, 18.6655],
            [527.702, 0.0005195, 18.5724],
            [603.8462, 0.0003112, 18.6823],
            [679.6478, 0.0001176, 18.7992],
            [756.1471, 0.0003212, 18.6608],
            [851.7677, 0.0002561, 18.71],
            [947.8574, 0.0003016, 18.6713],
            [1043.9784, 0.0002526, 18.7177]
          ]
        }
      ],
	"maxVolume": 1000,
	"minVolume": 1,
	"defaultTipracks": []
}
