{
  "$otSharedSchema": "#/pipette/schemas/2/pipetteLiquidPropertiesSchema.json",
  "supportedTips": {
    "t20": {
      "defaultAspirateFlowRate": {
        "default": 7.6,
        "valuesByApiLevel": { "2.0": 7.6 }
      },
      "defaultDispenseFlowRate": {
        "default": 7.6,
        "valuesByApiLevel": { "2.0": 7.6 }
      },
      "defaultBlowOutFlowRate": {
        "default": 7.6,
        "valuesByApiLevel": { "2.0": 7.6 }
      },
      "defaultTipLength": 31.1,
      "aspirate": {
        "default": {
          "1": [
            [0.8425, 0.0933, 0.5892],
            [0.9934, 0.1264, 0.4953],
            [1.17, 0.1658, 0.4562],
            [1.299, -0.005354, 0.6565],
            [1.435, 0.02079, 0.6225],
            [1.603, 0.09178, 0.5206],
            [1.745, 0.02307, 0.6306],
            [1.916, 0.07824, 0.5345],
            [2.051, -0.004942, 0.6939],
            [2.417, 0.01873, 0.6454],
            [2.801, 0.0253, 0.6295],
            [3.163, 0.00714, 0.6804],
            [3.539, 0.01305, 0.6617],
            [3.949, 0.02487, 0.6198],
            [4.32, 0.005296, 0.6971],
            [4.692, 0.004936, 0.6987],
            [5.084, 0.01144, 0.6682],
            [5.791, -0.003501, 0.7441],
            [7.344, 0.00678, 0.6846],
            [8.857, 0.00243, 0.7165],
            [10.42, 0.003968, 0.7029],
            [11.94, 0.001477, 0.7289],
            [13.47, 0.001089, 0.7335],
            [15.01, 0.00147, 0.7284],
            [16.54, 0.0008888, 0.7371],
            [18.06, 0.0003974, 0.7452],
            [19.62, 0.001391, 0.7273],
            [21.14, 0.0003498, 0.7477]
          ]
        },
        "opentrons/opentrons_96_tiprack_20ul/1": [
          [0.9201, 0.0987, 0.6425],
          [1.0713, 0.0817, 0.582],
          [1.2327, 0.0946, 0.5683],
          [1.3654, -0.016, 0.7046],
          [1.5139, 0.0364, 0.633],
          [1.6634, 0.0332, 0.6378],
          [1.7955, -0.0191, 0.7249],
          [1.951, 0.0399, 0.6189],
          [2.103, 0.0277, 0.6427],
          [2.4684, 0.0117, 0.6764],
          [2.8469, 0.017, 0.6632],
          [3.2284, 0.015, 0.6691],
          [3.599, 0.0064, 0.6968],
          [3.9789, 0.0096, 0.6854],
          [4.3576, 0.0075, 0.6938],
          [4.7241, 0.0014, 0.7201],
          [5.0953, 0.003, 0.7124],
          [5.8498, 0.0044, 0.7055],
          [7.3776, 0.0043, 0.7062],
          [8.8971, 0.0024, 0.72],
          [10.3977, 0.0008, 0.7339],
          [11.9333, 0.002, 0.7214],
          [13.4322, 0.0003, 0.7427],
          [14.946, 0.0007, 0.7368],
          [16.4788, 0.0011, 0.7304],
          [18.0383, 0.0016, 0.722],
          [19.558, 0.0004, 0.744],
          [21.057, -0.0001, 0.7548]
        ],
        "opentrons/opentrons_96_filtertiprack_20ul/1": [
          [0.9201, 0.0987, 0.6425],
          [1.0713, 0.0817, 0.582],
          [1.2327, 0.0946, 0.5683],
          [1.3654, -0.016, 0.7046],
          [1.5139, 0.0364, 0.633],
          [1.6634, 0.0332, 0.6378],
          [1.7955, -0.0191, 0.7249],
          [1.951, 0.0399, 0.6189],
          [2.103, 0.0277, 0.6427],
          [2.4684, 0.0117, 0.6764],
          [2.8469, 0.017, 0.6632],
          [3.2284, 0.015, 0.6691],
          [3.599, 0.0064, 0.6968],
          [3.9789, 0.0096, 0.6854],
          [4.3576, 0.0075, 0.6938],
          [4.7241, 0.0014, 0.7201],
          [5.0953, 0.003, 0.7124],
          [5.8498, 0.0044, 0.7055],
          [7.3776, 0.0043, 0.7062],
          [8.8971, 0.0024, 0.72],
          [10.3977, 0.0008, 0.7339],
          [11.9333, 0.002, 0.7214],
          [13.4322, 0.0003, 0.7427],
          [14.946, 0.0007, 0.7368],
          [16.4788, 0.0011, 0.7304],
          [18.0383, 0.0016, 0.722],
          [19.558, 0.0004, 0.744],
          [21.057, -0.0001, 0.7548]
        ]
      },
      "dispense": {
        "opentrons/opentrons_96_tiprack_20ul/1": [
          [0.9201, 0.0987, 0.6425],
          [1.0713, 0.0817, 0.582],
          [1.2327, 0.0946, 0.5683],
          [1.3654, -0.016, 0.7046],
          [1.5139, 0.0364, 0.633],
          [1.6634, 0.0332, 0.6378],
          [1.7955, -0.0191, 0.7249],
          [1.951, 0.0399, 0.6189],
          [2.103, 0.0277, 0.6427],
          [2.4684, 0.0117, 0.6764],
          [2.8469, 0.017, 0.6632],
          [3.2284, 0.015, 0.6691],
          [3.599, 0.0064, 0.6968],
          [3.9789, 0.0096, 0.6854],
          [4.3576, 0.0075, 0.6938],
          [4.7241, 0.0014, 0.7201],
          [5.0953, 0.003, 0.7124],
          [5.8498, 0.0044, 0.7055],
          [7.3776, 0.0043, 0.7062],
          [8.8971, 0.0024, 0.72],
          [10.3977, 0.0008, 0.7339],
          [11.9333, 0.002, 0.7214],
          [13.4322, 0.0003, 0.7427],
          [14.946, 0.0007, 0.7368],
          [16.4788, 0.0011, 0.7304],
          [18.0383, 0.0016, 0.722],
          [19.558, 0.0004, 0.744],
          [21.057, -0.0001, 0.7548]
        ],
        "opentrons/opentrons_96_filtertiprack_20ul/1": [
          [0.9201, 0.0987, 0.6425],
          [1.0713, 0.0817, 0.582],
          [1.2327, 0.0946, 0.5683],
          [1.3654, -0.016, 0.7046],
          [1.5139, 0.0364, 0.633],
          [1.6634, 0.0332, 0.6378],
          [1.7955, -0.0191, 0.7249],
          [1.951, 0.0399, 0.6189],
          [2.103, 0.0277, 0.6427],
          [2.4684, 0.0117, 0.6764],
          [2.8469, 0.017, 0.6632],
          [3.2284, 0.015, 0.6691],
          [3.599, 0.0064, 0.6968],
          [3.9789, 0.0096, 0.6854],
          [4.3576, 0.0075, 0.6938],
          [4.7241, 0.0014, 0.7201],
          [5.0953, 0.003, 0.7124],
          [5.8498, 0.0044, 0.7055],
          [7.3776, 0.0043, 0.7062],
          [8.8971, 0.0024, 0.72],
          [10.3977, 0.0008, 0.7339],
          [11.9333, 0.002, 0.7214],
          [13.4322, 0.0003, 0.7427],
          [14.946, 0.0007, 0.7368],
          [16.4788, 0.0011, 0.7304],
          [18.0383, 0.0016, 0.722],
          [19.558, 0.0004, 0.744],
          [21.057, -0.0001, 0.7548]
        ],
        "default": {
          "1": [
            [0.9201, 0.0987, 0.6425],
            [1.0713, 0.0817, 0.582],
            [1.2327, 0.0946, 0.5683],
            [1.3654, -0.016, 0.7046],
            [1.5139, 0.0364, 0.633],
            [1.6634, 0.0332, 0.6378],
            [1.7955, -0.0191, 0.7249],
            [1.951, 0.0399, 0.6189],
            [2.103, 0.0277, 0.6427],
            [2.4684, 0.0117, 0.6764],
            [2.8469, 0.017, 0.6632],
            [3.2284, 0.015, 0.6691],
            [3.599, 0.0064, 0.6968],
            [3.9789, 0.0096, 0.6854],
            [4.3576, 0.0075, 0.6938],
            [4.7241, 0.0014, 0.7201],
            [5.0953, 0.003, 0.7124],
            [5.8498, 0.0044, 0.7055],
            [7.3776, 0.0043, 0.7062],
            [8.8971, 0.0024, 0.72],
            [10.3977, 0.0008, 0.7339],
            [11.9333, 0.002, 0.7214],
            [13.4322, 0.0003, 0.7427],
            [14.946, 0.0007, 0.7368],
            [16.4788, 0.0011, 0.7304],
            [18.0383, 0.0016, 0.722],
            [19.558, 0.0004, 0.744],
            [21.057, -0.0001, 0.7548]
          ]
        }
      },
      "defaultPushOutVolume": 0
    },
    "t10": {
      "defaultAspirateFlowRate": {
        "default": 7.6,
        "valuesByApiLevel": { "2.0": 7.6 }
      },
      "defaultDispenseFlowRate": {
        "default": 7.6,
        "valuesByApiLevel": { "2.0": 7.6 }
      },
      "defaultBlowOutFlowRate": {
        "default": 7.6,
        "valuesByApiLevel": { "2.0": 7.6 }
      },
      "defaultTipLength": 31.1,