{
  "$otSharedSchema": "#/pipette/schemas/2/pipetteLiquidPropertiesSchema.json",
  "supportedTips": {
    "t10": {
      "defaultAspirateFlowRate": {
        "default": 5,
        "valuesByApiLevel": { "2.0": 5 }
      },
      "defaultDispenseFlowRate": {
        "default": 10,
        "valuesByApiLevel": { "2.0": 10 }
      },
      "defaultBlowOutFlowRate": {
        "default": 1000,
        "valuesByApiLevel": { "2.0": 1000 }
      },
      "defaultTipLength": 33.0,
      "aspirate": {
        "default": {
          "1": [
            [1.8263, -0.0958, 1.088],
            [2.5222, -0.104, 1.1031],
            [3.2354, -0.0447, 0.9536],
            [3.9984, -0.012, 0.8477],
            [12.5135, -0.0021, 0.8079]
          ],
          "2": [
            [1.438649211, 0.01931415115, 0.691538317],
            [1.836824579, 0.03868955123, 0.6636639129],
            [2.960052684, 0.00470371018, 0.7260899411],
            [4.487508789, 0.005175245625, 0.7246941713],
            [10.59661421, 0.001470408978, 0.7413196584]
          ]
        }
      },
      "dispense": {
        "default": {
          "1": [[12.5135, 0.0, 0.7945]],
          "2": [[12.5135, 0, 0.7945]]
        }
      },
      "defaultPushOutVolume": 0
    }
  },
  "maxVolume": 10,
  "minVolume": 1.0,
  "defaultTipracks": [
    "opentrons/opentrons_96_tiprack_10ul/1",
    "opentrons/opentrons_96_filtertiprack_10ul/1",
    "opentrons/geb_96_tiprack_10ul/1"
  ]
}
